{
  "scheme": "rotate",
  "seed_base": 42,
  "target_good": 10,
  "reject_mult": 3.0,
  "folds": {
    "P1": {
      "train": [
        "P1"
      ],
      "alpha_obs": 0.002,
      "alpha_nsd": 0.02,
      "cv": {
        "Xv": 0.006,
        "mAb": 0.006,
        "Gal": 0.006,
        "Urd": 0.006,
        "Glc": 0.006,
        "Amm": 0.006,
        "Gln": 0.002787139984306972,
        "Lac": 0.006
      },
      "heldout": {
        "P2": {
          "UDPGal": {
            "rmse": 0.265847266973555,
            "nrmse": 0.5313150805790245,
            "cov": 81.81818181818183,
            "ss": 0.9606417449256516
          },
          "UDPGalNAc": {
            "rmse": 1.3291937691820843,
            "nrmse": 5.2541347608545035,
            "cov": 36.36363636363637,
            "ss": 0.2500378189917698
          },
          "UDPGlc": {
            "rmse": 0.22947265770967404,
            "nrmse": 0.47395584363191434,
            "cov": 100.0,
            "ss": 1.6055713490067802
          },
          "UDPGlcNAc": {
            "rmse": 1.570556220126112,
            "nrmse": 0.9133165581313791,
            "cov": 100.0,
            "ss": 0.871859270561204
          },
          "GDPMan": {
            "rmse": 0.5390647074491717,
            "nrmse": 0.9137734190861833,
            "cov": 9.090909090909092,
            "ss": 0.08183618655487684
          },
          "GDPFuc": {
            "rmse": 0.022604654681038946,
            "nrmse": 0.38352677646667327,
            "cov": 72.72727272727273,
            "ss": 0.6307191895853949
          },
          "CMPNeu5Ac": {
            "rmse": 0.8031775545206221,
            "nrmse": 0.42936687685613706,
            "cov": 100.0,
            "ss": 1.6494658367653765
          },
          "Asn": {
            "rmse": 2.028613074546762,
            "nrmse": 0.3941480854927542,
            "cov": 58.82352941176471,
            "ss": 0.36840722459714564
          }
        },
        "P3": {
          "UDPGal": {
            "rmse": 0.48591746540856134,
            "nrmse": 1.1127065230976965,
            "cov": 72.72727272727273,
            "ss": 0.5034007141894858
          },
          "UDPGalNAc": {
            "rmse": 1.2400020217120824,
            "nrmse": 4.842663166534017,
            "cov": 36.36363636363637,
            "ss": 0.25953743669274243
          },
          "UDPGlc": {
            "rmse": 0.2036793489680504,
            "nrmse": 0.3677427810882929,
            "cov": 100.0,
            "ss": 1.7831835855568723
          },
          "UDPGlcNAc": {
            "rmse": 1.9538406323220652,
            "nrmse": 1.1119420765305585,
            "cov": 100.0,
            "ss": 0.6509769088433341
          },
          "GDPMan": {
            "rmse": 0.5419725829167767,
            "nrmse": 0.9160707725890608,
            "cov": 9.090909090909092,
            "ss": 0.08209008042235262
          },
          "GDPFuc": {
            "rmse": 0.020438057192922018,
            "nrmse": 0.4023841385668542,
            "cov": 90.9090909090909,
            "ss": 0.7012086412601477
          },
          "CMPNeu5Ac": {
            "rmse": 2.701038178563579,
            "nrmse": 1.0099057334344477,
            "cov": 81.81818181818183,
            "ss": 0.5026955640618148
          },
          "Asn": {
            "rmse": 1.8860917475072887,
            "nrmse": 0.3612276077918704,
            "cov": 52.94117647058824,
            "ss": 0.38427590985442217
          }
        },
        "P4": {
          "UDPGal": {
            "rmse": 0.3470373463879456,
            "nrmse": 0.6944532754568957,
            "cov": 81.81818181818183,
            "ss": 0.6713986766640989
          },
          "UDPGalNAc": {
            "rmse": 1.2242809498487177,
            "nrmse": 5.282425698078882,
            "cov": 27.27272727272727,
            "ss": 0.2680086107275471
          },
          "UDPGlc": {
            "rmse": 0.16909697483814237,
            "nrmse": 0.28890483857759863,
            "cov": 100.0,
            "ss": 2.16844867378223
          },
          "UDPGlcNAc": {
            "rmse": 1.6049325185630237,
            "nrmse": 1.0605053393411963,
            "cov": 100.0,
            "ss": 0.7818362585278976
          },
          "GDPMan": {
            "rmse": 0.5391491943879928,
            "nrmse": 0.891283169470034,
            "cov": 9.090909090909092,
            "ss": 0.08166313313785528
          },
          "GDPFuc": {
            "rmse": 0.02985953521366247,
            "nrmse": 0.47281141588407516,
            "cov": 72.72727272727273,
            "ss": 0.4762170724835588
          },
          "CMPNeu5Ac": {
            "rmse": 1.439648594618479,
            "nrmse": 0.7362517327573871,
            "cov": 100.0,
            "ss": 0.9151159184382073
          },
          "Asn": {
            "rmse": 1.8925140075282991,
            "nrmse": 0.35827670908617915,
            "cov": 64.70588235294117,
            "ss": 0.3994703537511792
          }
        }
      }
    }
  }
}