{
  "train": [
    "P2"
  ],
  "cv": {
    "Xv": 0.006,
    "mAb": 0.006,
    "Gal": 0.006,
    "Urd": 0.006,
    "Glc": 0.006,
    "Amm": 0.006,
    "Gln": 0.004067450394824055,
    "Lac": 0.006
  },
  "niv_final": {
    "Xv": 1.0066485386163149,
    "mAb": 1.0815866384296071,
    "Gal": 1.0348738877583201,
    "Urd": 1.2565983837399608,
    "Glc": 8.075691028574896,
    "Amm": 1.417753143694418,
    "Gln": 1.0061760275262592,
    "Lac": 3.3462106400723677
  },
  "niv_history": [
    [
      1.081509354246002,
      1.2132859274460033,
      1.3365522543550403,
      1.262207150970526,
      8.07322761396441,
      1.4205724398904374,
      1.3748168049658442,
      3.3388403396975805
    ],
    [
      1.038588898498651,
      1.0857583658751244,
      1.057745979634008,
      1.259554440181612,
      8.07376634066824,
      1.4197397462818686,
      1.2073669295338194,
      3.3457641860134077
    ],
    [
      1.017622251394492,
      1.0824071152384989,
      1.0310224034067905,
      1.2580886409731962,
      8.074562986828115,
      1.4184239119396496,
      1.114156431840609,
      3.3466764774475006
    ],
    [
      1.0082216375466662,
      1.081021859942751,
      1.0325170419360283,
      1.2573719637174727,
      8.075081257123907,
      1.4176423300162513,
      1.0628399701023832,
      3.3464019305511616
    ],
    [
      1.0061626055816746,
      1.08099083975361,
      1.0335620734380657,
      1.2569888347730378,
      8.075376285466877,
      1.4175477857722525,
      1.034998393432975,
      3.346280337969394
    ],
    [
      1.006411062547341,
      1.081301213974783,
      1.0342631467517656,
      1.2567779607600595,
      8.075544403894622,
      1.4176587248761978,
      1.019659292866876,
      3.3462520026076756
    ],
    [
      1.0065610670154181,
      1.0814826518427685,
      1.0346548895235228,
      1.2566623152434813,
      8.07563844651742,
      1.4177195292926146,
      1.0110242813793067,
      3.3462272994013915
    ],
    [
      1.0066485386163149,
      1.0815866384296071,
      1.0348738877583201,
      1.2565983837399608,
      8.075691028574896,
      1.417753143694418,
      1.0061760275262592,
      3.3462106400723677
    ]
  ],
  "capped": {
    "Xv": true,
    "mAb": true,
    "Gal": true,
    "Urd": true,
    "Glc": true,
    "Amm": true,
    "Gln": false,
    "Lac": true
  },
  "floored": {
    "Xv": false,
    "mAb": false,
    "Gal": false,
    "Urd": false,
    "Glc": false,
    "Amm": false,
    "Gln": false,
    "Lac": false
  },
  "cv_max": 0.006,
  "cv_min": 0.0001
}