{
  "iter": 8,
  "cv": {
    "Xv": 0.0011371890108772108,
    "mAb": 0.00584375545281274,
    "Gal": 0.0025947054440354344,
    "Urd": 0.019134961694737843,
    "Glc": 0.05,
    "Amm": 0.005304055603644652,
    "Gln": 0.0001,
    "Lac": 0.010556025126303758
  },
  "capped": {
    "Xv": false,
    "mAb": false,
    "Gal": false,
    "Urd": false,
    "Glc": true,
    "Amm": false,
    "Gln": false,
    "Lac": false
  },
  "niv_last": {
    "Xv": 1.0936430247854685,
    "mAb": 1.0189158934331215,
    "Gal": 0.9390639586492056,
    "Urd": 1.0064289693054242,
    "Glc": 1.3599431667135764,
    "Amm": 1.026921019511565,
    "Gln": 0.38457855503795724,
    "Lac": 0.9725530861066716
  }
}