{
  "train": [
    "P4"
  ],
  "cv": {
    "Xv": 0.00554607530781303,
    "mAb": 0.005636418782235191,
    "Gal": 0.005156101853878225,
    "Urd": 0.006,
    "Glc": 0.006,
    "Amm": 0.006,
    "Gln": 0.0028301876298463943,
    "Lac": 0.006
  },
  "niv_final": {
    "Xv": 0.9998772886620669,
    "mAb": 1.0000364618835236,
    "Gal": 1.000330423200582,
    "Urd": 2.2985739413447073,
    "Glc": 8.214270867287087,
    "Amm": 1.154829760287505,
    "Gln": 1.0003319863503366,
    "Lac": 3.1743216142749247
  },
  "niv_history": [
    [
      0.991137054665098,
      1.0086608491120164,
      1.0082784387883166,
      2.2986860969627205,
      8.214215746555297,
      1.1543528792848272,
      1.0075865809980369,
      3.1740245640377758
    ],
    [
      0.9951860512849089,
      1.0025071171223705,
      1.0052182729700518,
      2.298562027849234,
      8.2142284684599,
      1.1545597704640245,
      1.0051587005220375,
      3.1740870937614485
    ],
    [
      0.9973715742001807,
      1.0009475182954057,
      1.0033124275984204,
      2.298542893450093,
      8.214242413179973,
      1.1546775922713182,
      1.0034079937999638,
      3.174168428267346
    ],
    [
      0.998565272211718,
      1.0004390599097763,
      1.0021016989172233,
      2.2985473945165893,
      8.214253151428078,
      1.154745793041696,
      1.0022010290646826,
      3.17422900440408
    ],
    [
      0.9992189072355395,
      1.0002262892242593,
      1.0013299407361238,
      2.2985559970923153,
      8.214260636608813,
      1.1547854636691284,
      1.001396879796176,
      3.174269335668556
    ],
    [
      0.9995763977409529,
      1.0001217885361855,
      1.000838833309873,
      2.298563777638861,
      8.214265613746958,
      1.1548085509710955,
      1.0008743995623364,
      3.174295185784077
    ],
    [
      0.9997713633474165,
      1.0000665211595945,
      1.0005273182454366,
      2.298569724810469,
      8.214268829971601,
      1.1548219720651323,
      1.00054128003923,
      3.174311466963753
    ],
    [
      0.9998772886620669,
      1.0000364618835236,
      1.000330423200582,
      2.2985739413447073,
      8.214270867287087,
      1.154829760287505,
      1.0003319863503366,
      3.1743216142749247
    ]
  ],
  "capped": {
    "Xv": false,
    "mAb": false,
    "Gal": false,
    "Urd": true,
    "Glc": true,
    "Amm": true,
    "Gln": false,
    "Lac": true
  },
  "floored": {
    "Xv": false,
    "mAb": false,
    "Gal": false,
    "Urd": false,
    "Glc": false,
    "Amm": false,
    "Gln": false,
    "Lac": false
  },
  "cv_max": 0.006,
  "cv_min": 0.0001
}