{
  "train": [
    "P1"
  ],
  "cv": {
    "Xv": 0.006,
    "mAb": 0.006,
    "Gal": 0.006,
    "Urd": 0.006,
    "Glc": 0.006,
    "Amm": 0.006,
    "Gln": 0.002787139984306972,
    "Lac": 0.006
  },
  "niv_final": {
    "Xv": 1.2619856881364462,
    "mAb": 1.0890478418106118,
    "Gal": 2.320690522946242,
    "Urd": 3.019667663801549,
    "Glc": 7.916964555791253,
    "Amm": 1.0245517650016724,
    "Gln": 0.9995228901135118,
    "Lac": 2.658834395380603
  },
  "niv_history": [
    [
      1.3420918167884541,
      1.2290991104788411,
      3.0821781976853724,
      3.021620154510227,
      7.916425763214159,
      1.0243162381067101,
      1.0114822592722121,
      2.666613057969374
    ],
    [
      1.262000843295568,
      1.0891157199037695,
      2.3224666021196567,
      3.019703184407596,
      7.917060318078799,
      1.0246309730905727,
      0.9919811193797915,
      2.6589777356170723
    ],
    [
      1.2619944100949203,
      1.0890883757055363,
      2.3217569340832167,
      3.0196890307211888,
      7.917022030471583,
      1.0245993429860683,
      0.9949925343901022,
      2.6589207089356397
    ],
    [
      1.261990656180799,
      1.0890714384512643,
      2.3213143907779963,
      3.0196801737244003,
      7.9169981694886555,
      1.0245796222712609,
      0.9968719096045369,
      2.658884982288935
    ],
    [
      1.2619884097725045,
      1.08906095005692,
      2.3210381560076874,
      3.0196746380582082,
      7.916983281840969,
      1.0245672957584224,
      0.9980454760156114,
      2.6588626153326715
    ],
    [
      1.261987044451452,
      1.089054432325574,
      2.320865642603379,
      3.019671178164848,
      7.916973988591951,
      1.0245595911992362,
      0.9987785784322434,
      2.658848621366791
    ],
    [
      1.2619862062147087,
      1.0890503732466126,
      2.3207578667307454,
      3.01966901555216,
      7.916968182315143,
      1.0245547753039888,
      0.9992366396147863,
      2.6588398685923043
    ],
    [
      1.2619856881364462,
      1.0890478418106118,
      2.320690522946242,
      3.019667663801549,
      7.916964555791253,
      1.0245517650016724,
      0.9995228901135118,
      2.658834395380603
    ]
  ],
  "capped": {
    "Xv": true,
    "mAb": true,
    "Gal": true,
    "Urd": true,
    "Glc": true,
    "Amm": true,
    "Gln": false,
    "Lac": true
  },
  "floored": {
    "Xv": false,
    "mAb": false,
    "Gal": false,
    "Urd": false,
    "Glc": false,
    "Amm": false,
    "Gln": false,
    "Lac": false
  },
  "cv_max": 0.006,
  "cv_min": 0.0001
}