{
  "train": [
    "P3"
  ],
  "cv": {
    "Xv": 0.006,
    "mAb": 0.005699122569405135,
    "Gal": 0.005600062416718358,
    "Urd": 0.006,
    "Glc": 0.006,
    "Amm": 0.006,
    "Gln": 0.0038437431433460904,
    "Lac": 0.006
  },
  "niv_final": {
    "Xv": 1.0608313433271994,
    "mAb": 1.0001529162605283,
    "Gal": 1.002435501346611,
    "Urd": 4.770861152165376,
    "Glc": 8.37050263972786,
    "Amm": 1.2996207056963271,
    "Gln": 1.0053882525423725,
    "Lac": 3.3260258745359668
  },
  "niv_history": [
    [
      1.1347034568025636,
      1.0363437022312525,
      1.0769713336029583,
      4.743753255393136,
      8.367420803721295,
      1.3043079763944905,
      1.320076468194142,
      3.3230495693735196
    ],
    [
      1.0651370512999407,
      0.9980506027664892,
      1.0460849656607136,
      4.75855696052548,
      8.368763399719668,
      1.2992475920011528,
      1.1660253824436242,
      3.3251111738981516
    ],
    [
      1.0593666167989189,
      0.9994152766122166,
      1.0279795416386934,
      4.764263276252804,
      8.369553913133547,
      1.2990919718264493,
      1.09345714922149,
      3.3257368452492413
    ],
    [
      1.0599417336711223,
      1.0005476563896625,
      1.0171260429972366,
      4.767276696827107,
      8.369998538265857,
      1.299344876533635,
      1.053083095053442,
      3.3259564994345707
    ],
    [
      1.0603408967732761,
      1.0005704382710245,
      1.0105128281152576,
      4.76900517974383,
      8.3702459948112,
      1.2994807161977109,
      1.0300348027642912,
      3.3260117866681256
    ],
    [
      1.0605922855166168,
      1.0004035432432201,
      1.0064602115134078,
      4.7699887274772,
      8.370383554811877,
      1.299555543723916,
      1.0169568949880918,
      3.326023446039002
    ],
    [
      1.060743108170902,
      1.0002544904266646,
      1.0039686516363495,
      4.770546058865779,
      8.370459993162857,
      1.2995972446731434,
      1.009561779113276,
      3.3260252946755826
    ],
    [
      1.0608313433271994,
      1.0001529162605283,
      1.002435501346611,
      4.770861152165376,
      8.37050263972786,
      1.2996207056963271,
      1.0053882525423725,
      3.3260258745359668
    ]
  ],
  "capped": {
    "Xv": true,
    "mAb": false,
    "Gal": false,
    "Urd": true,
    "Glc": true,
    "Amm": true,
    "Gln": false,
    "Lac": true
  },
  "floored": {
    "Xv": false,
    "mAb": false,
    "Gal": false,
    "Urd": false,
    "Glc": false,
    "Amm": false,
    "Gln": false,
    "Lac": false
  },
  "cv_max": 0.006,
  "cv_min": 0.0001
}