{
  "cv": {
    "nsd_nrmse": 1.5313393745939807,
    "nsd_cov": 61.75324675324674,
    "asn_nrmse": 0.4047914467139997
  },
  "all": {
    "nsd_nrmse": 1.466506294452633,
    "nsd_cov": 47.81385281385281,
    "asn_nrmse": 0.32534126821193204
  }
}